,subReddit
0,pics
1,gaming
2,AskReddit
3,Showerthoughts
4,news
5,memes
6,funny
7,YouFellForItFool
8,aww
9,videos
10,gifs
11,dankmemes
12,space
13,MadeMeSmile
14,wholesomememes
15,PewdiepieSubmissions
16,interestingasfuck
17,tifu
18,BikiniBottomTwitter
19,comics
20,DunderMifflin
21,movies
22,science
23,assholedesign
24,freefolk
25,Futurology
26,teenagers
27,mildlyinteresting
28,Wellthatsucks
29,HongKong
30,oddlysatisfying
31,BlackPeopleTwitter
32,worldnews
33,IsTodayFridayThe13th
34,todayilearned
35,me_irl
36,ChoosingBeggars
37,nextfuckinglevel
38,WhitePeopleTwitter
39,WatchPeopleDieInside
40,iamatotalpieceofshit
41,MurderedByWords
42,instant_regret
43,technology
44,Minecraft
45,HumansBeingBros
46,AskMen
47,Unexpected
48,trashy
49,UpliftingNews
50,gifsthatkeepongiving
51,therewasanattempt
52,GetMotivated
53,PublicFreakout
54,television
55,NatureIsFuckingLit
56,PrequelMemes
57,CozyPlaces
58,natureismetal
59,oddlyterrifying
60,madlads
61,youseeingthisshit
62,nottheonion
63,marvelstudios
64,WTF
65,instantkarma
66,2meirl4meirl
67,dataisbeautiful
68,IAmA
69,ThatsInsane
70,AdviceAnimals
71,pcmasterrace
72,shittyfoodporn
73,HighQualityGifs
74,motorcycles
75,unpopularopinion
76,AmItheAsshole
77,TheMonkeysPaw
78,TrueOffMyChest
79,gadgets
80,leagueoflegends
81,DestinyTheGame
82,FortNiteBR
83,Sino
84,Libertarian
85,pathofexile
86,Gunners
87,PokemonSwordAndShield
88,AnthemTheGame
89,apexlegends
90,theouterworlds
91,Guildwars2
92,hearthstone
93,Conservative
94,u_woodchuckcidervt
95,weed
96,KarmaConspiracy
97,trees
98,vegan
99,u_goodomensprime
100,LivestreamFail
101,drunk
102,starterpacks
103,progun
104,legaladvice
105,programming
106,EscapefromTarkov
107,modernwarfare
108,screenshots
109,DepthHub
110,linux
111,neoliberal
112,LegalAdviceUK
113,Celebs
114,LateStageCapitalism
115,dank_meme
116,gorillaz
117,NintendoSwitch
118,AskThe_Donald
119,ThreadGames
120,uselessredcircle
121,JojosBizarreMemePage
122,upvoteexeggutor
123,criticalrole
124,OverwatchUniversity
125,politics
126,TheOrville
127,southpark
128,DotA2
129,truegaming
130,boniver
131,pyrocynical
132,ipad
133,Thatsabooklight
134,trebuchetmemes
135,GifRecipes
136,KarmaRoulette
137,Music
138,antinatalism
139,thedivision
140,kurdistan
141,orangetheory
142,bestof
143,JoeRogan
144,totalwar
145,gameofthrones
146,holdmycosmo
147,pokemon
148,Persona5
149,formula1
150,ClashRoyale
151,CAguns
152,JusticeServed
153,Booette
154,classicwow
155,Fantasy
156,Dallas
157,fo76
158,u_ArtemLobovsArms
159,apple
160,CampfireCooking
161,Stadia
162,fuckHOA
163,Denver
164,JordanPeterson
165,asoiafcirclejerk
166,Pikabu
167,GenderCritical
168,DankMemesFromSite19
169,Borderlands
170,MachineLearning
171,FlashingTopAndBottom
172,ghettoglamourshots
173,copypasta
174,CryptoCurrency
175,nba
176,self
177,EntitledBitch
178,RPClipsGTA
179,Blackops4
180,HateCrimeHoaxes
181,mealtimevideos
182,BigBrother
183,KotakuInAction
184,CoDCompetitive
185,media_criticism
186,ConservativeMemes
187,earrumblersassemble
188,RedditInReddit
189,BPTmeta
190,steak
191,TopMindsOfReddit
192,SquaredCircle
193,hockey
194,IdiotsInCars
195,WilderFuryLiveHd
196,ImGoingToHellForThis
197,starcraft
198,Blizzard
199,TechNewsToday
200,40kLore
201,runescape
202,conspiracy
203,ffxiv
204,unexpectedyogscast
205,MakeupAddiction
206,Competitiveoverwatch
207,MeanJokes
208,walkaway
209,2007scape
210,NSFWIAMA
211,blackdesertonline
212,worldpolitics
213,europe
214,PurplePillDebate
215,FirstNameBasis
216,communism
217,wildlypenis
218,metacanada
219,sysadmin
220,EverythingFoxes
221,Braves
222,Eve
223,france
224,u_Learn_from_I
225,ShitCosmoSays
226,knifeclub
227,singapore
228,u_pretyreditor
229,Alienware
230,celebnsfw
231,rocketbeans
232,PS4
233,DragonMaid
234,IdiotsFightingThings
235,borderlands3
236,raidsecrets
237,greentext
238,AgainstHateSubreddits
239,PinkpillFeminism
240,thebachelor
241,shittykickstarters
242,Android
243,netflix
244,climbing
245,GlitchInTheMatrix
246,ProRevenge
247,StonerCringe
248,Vermintide
249,WtSSTaDaMiT
250,justneckbeardthings
251,u_JarJarBinks213
252,soccer
253,veteranpacks
254,FFBraveExvius
255,Artifact
256,entertainment
257,GenZ
258,PikabuGoneWild
259,de
260,wow
261,freebies
262,BadRocketLeagueGoals
263,CapitalismVSocialism
264,ExpectedThanos
265,DMT
266,mildlyinfuriating
267,asoiaf
268,LPOTL
269,MakeNewFriendsHere
270,investing
271,FinalFantasy
272,TrueChristian
273,relationship_advice
274,heroesofthestorm
275,Madden
276,menwritingwomen
277,pointlesslygendered
278,iamveryedgy
279,RWBY
280,FemaleDatingStrategy
281,gwpublic
282,datingoverthirty
283,riskofrain
284,uglyduckling
285,whoosh
286,leanfire
287,PETA
288,Destiny
289,dating_advice
290,MuscleConfusion
291,MarvelStudiosSpoilers
292,NotHowDicksWork
293,eagles
294,FortniteCompetitive
295,CHIBears
296,fantasyfootball
297,EliteDangerous
298,SWGalaxyOfHeroes
299,Art
300,TVDetails
301,stocks
302,nintendo
303,Audi
304,asheville
305,TeenMomOGandTeenMom2
306,UpvotedBecauseGirl
307,Landlord
308,samharris
309,ireland
310,underlords
311,DuggarsSnark
312,catsareliquid
313,asktransgender
314,oculus
315,4chan
316,ColoradoSprings
317,Bushcraft
318,BattlefieldV
319,lakers
320,blessedimages
321,CubeWorld
322,Watches
323,POLITIC
324,calvinandhobbes
325,Anarcho_Capitalism
326,reddeadredemption
327,GunPorn
328,CorporateFacepalm
329,PacificCrestTrail
330,Polska_wpz
331,Minneapolis
332,spaceporn
333,Seaofthieves
334,Memes_Of_The_Dank
335,ProtonMail
336,teslamotors
337,BabyBumps
338,MURICA
339,hitboxgore
340,shitpost
341,LateStageImperialism
342,CollegeBasketball
343,starcitizen
344,mindblowing
